{
  "num_communities": 10,
  "boundary_pipes": [
    "P-12",
    "P-22",
    "P-26",
    "P-34",
    "P-36",
    "P-41",
    "P-45",
    "P-50",
    "P-54",
    "P-61",
    "P-65",
    "P-74",
    "P-91",
    "P-95",
    "P-99",
    "P-134",
    "P-138",
    "P-143",
    "P-152",
    "P-156",
    "P-161",
    "P-167",
    "P-172",
    "P-175",
    "P-182",
    "P-190",
    "P-203",
    "P-211",
    "P-229",
    "P-232",
    "P-253",
    "P-266",
    "P-267",
    "P-268"
  ],
  "best_objectives": {
    "FEF": 3.5121490117174177,
    "HRE": 0.9288061304349665,
    "MRE": 0.06029870123909123,
    "NR": 0.11683477598550468,
    "open_pipes": 18
  },
  "best_config": [
    1,
    0,
    1,
    1,
    1,
    1,
    1,
    1,
    1,
    1,
    1,
    0,
    1,
    0,
    0,
    1,
    1,
    0,
    0,
    0,
    0,
    0,
    0,
    1,
    0,
    1,
    0,
    0,
    1,
    0,
    1,
    0,
    1,
    0
  ],
  "pareto_front": [
    [
      3.5121490117174177,
      0.9288061304349665,
      0.06029870123909123,
      0.11683477598550468,
      18.0
    ],
    [
      3.5171020518759297,
      0.930430194968684,
      0.06030064294777841,
      0.10916767097856347,
      19.0
    ],
    [
      3.5926318262240775,
      0.9394586806878623,
      0.05871656906025198,
      0.08809600241388883,
      32.0
    ],
    [
      3.5785849652630324,
      0.9393133114203471,
      0.05859772611546956,
      0.08514359908860343,
      26.0
    ],
    [
      3.8200052749958537,
      0.9335077898774372,
      0.05832381621262958,
      0.10426761368381664,
      32.0
    ],
    [
      3.644860045073922,
      0.9236056444404096,
      0.059082861710119165,
      0.1234788361615305,
      24.0
    ],
    [
      3.5801298728157382,
      0.9334184470740425,
      0.05859772611546956,
      0.13822840947498732,
      29.0
    ],
    [
      3.578900596618754,
      0.9393016224936815,
      0.05780968658592419,
      0.08843758058525353,
      32.0
    ],
    [
      3.4002235344401655,
      0.93179652216021,
      0.060168438652653276,
      0.09681105695524214,
      20.0
    ],
    [
      3.5820440720132485,
      0.9393793170895746,
      0.058693350381843354,
      0.088272222877335,
      33.0
    ],
    [
      3.5348446038012415,
      0.9366023000880296,
      0.0587710199966003,
      0.13048905057898116,
      25.0
    ],
    [
      3.7559961471765457,
      0.9331807252170328,
      0.05844490822639777,
      0.10489708666348911,
      30.0
    ],
    [
      3.7094780053330707,
      0.9256661236399898,
      0.05959736337556031,
      0.11980266772595416,
      24.0
    ],
    [
      3.7230600237994453,
      0.92911364181293,
      0.059727866238089206,
      0.11573121542702938,
      23.0
    ],
    [
      3.623277421805246,
      0.93446375960998,
      0.05859772611546956,
      0.12123011234916777,
      29.0
    ],
    [
      3.4581799467813767,
      0.9321022676180923,
      0.05934552871515297,
      0.09552649785026487,
      27.0
    ],
    [
      3.492912410243777,
      0.9386652318158853,
      0.059448805652724125,
      0.09032909055863061,
      25.0
    ],
    [
      3.6831699908763134,
      0.9291019749772462,
      0.05992387433432722,
      0.11576806273618175,
      21.0
    ],
    [
      3.4770600680996333,
      0.9344197275412172,
      0.05883909046059356,
      0.10135407397062925,
      28.0
    ],
    [
      3.5909318077946604,
      0.9393133114203471,
      0.058205504709127644,
      0.08840063370008738,
      33.0
    ]
  ],
  "pareto_solutions": [
    [
      1,
      0,
      1,
      1,
      1,
      1,
      1,
      1,
      1,
      1,
      1,
      0,
      1,
      0,
      0,
      1,
      1,
      0,
      0,
      0,
      0,
      0,
      0,
      1,
      0,
      1,
      0,
      0,
      1,
      0,
      1,
      0,
      1,
      0
    ],
    [
      1,
      0,
      1,
      1,
      1,
      1,
      1,
      1,
      1,
      1,
      1,
      0,
      1,
      0,
      0,
      1,
      1,
      0,
      0,
      0,
      0,
      0,
      0,
      1,
      0,
      1,
      0,
      0,
      1,
      0,
      1,
      1,
      1,
      0
    ],
    [
      1,
      1,
      1,
      1,
      1,
      1,
      1,
      1,
      1,
      1,
      1,
      1,
      1,
      1,
      1,
      1,
      0,
      1,
      0,
      1,
      1,
      1,
      1,
      1,
      1,
      1,
      1,
      1,
      1,
      1,
      1,
      1,
      1,
      1
    ],
    [
      1,
      0,
      1,
      1,
      1,
      1,
      1,
      1,
      1,
      1,
      1,
      0,
      1,
      1,
      1,
      1,
      1,
      1,
      0,
      1,
      0,
      1,
      1,
      1,
      0,
      1,
      0,
      1,
      1,
      0,
      1,
      1,
      1,
      0
    ],
    [
      1,
      0,
      1,
      1,
      1,
      1,
      1,
      1,
      1,
      1,
      1,
      1,
      0,
      1,
      1,
      1,
      1,
      1,
      1,
      1,
      1,
      1,
      1,
      1,
      1,
      1,
      1,
      1,
      1,
      1,
      1,
      1,
      1,
      1
    ],
    [
      1,
      0,
      1,
      1,
      1,
      1,
      1,
      1,
      1,
      0,
      1,
      1,
      1,
      1,
      0,
      1,
      1,
      0,
      0,
      1,
      1,
      0,
      1,
      1,
      1,
      1,
      1,
      0,
      1,
      0,
      1,
      0,
      1,
      0
    ],
    [
      1,
      1,
      1,
      1,
      1,
      1,
      1,
      1,
      1,
      1,
      0,
      1,
      1,
      1,
      0,
      1,
      1,
      1,
      0,
      1,
      1,
      1,
      1,
      1,
      1,
      1,
      1,
      0,
      1,
      1,
      1,
      1,
      1,
      0
    ],
    [
      1,
      1,
      1,
      1,
      1,
      1,
      1,
      1,
      1,
      0,
      1,
      1,
      0,
      1,
      1,
      1,
      1,
      1,
      1,
      1,
      1,
      1,
      1,
      1,
      1,
      1,
      1,
      1,
      1,
      1,
      1,
      1,
      1,
      1
    ],
    [
      1,
      1,
      1,
      1,
      1,
      1,
      1,
      1,
      1,
      1,
      1,
      0,
      1,
      0,
      0,
      1,
      1,
      0,
      0,
      0,
      0,
      0,
      0,
      1,
      0,
      1,
      0,
      0,
      1,
      0,
      1,
      1,
      1,
      0
    ],
    [
      1,
      1,
      1,
      1,
      1,
      1,
      1,
      1,
      1,
      1,
      1,
      1,
      1,
      1,
      1,
      1,
      1,
      1,
      0,
      1,
      1,
      1,
      1,
      1,
      1,
      1,
      1,
      1,
      1,
      1,
      1,
      1,
      1,
      1
    ],
    [
      1,
      0,
      1,
      1,
      1,
      1,
      1,
      1,
      1,
      1,
      1,
      0,
      1,
      1,
      0,
      1,
      1,
      0,
      0,
      1,
      0,
      1,
      1,
      1,
      0,
      1,
      1,
      0,
      1,
      1,
      1,
      1,
      1,
      0
    ],
    [
      1,
      0,
      1,
      1,
      1,
      1,
      1,
      1,
      1,
      0,
      1,
      1,
      1,
      1,
      0,
      1,
      1,
      1,
      1,
      1,
      1,
      1,
      1,
      1,
      1,
      1,
      1,
      1,
      1,
      1,
      1,
      0,
      1,
      1
    ],
    [
      1,
      0,
      1,
      1,
      1,
      1,
      1,
      1,
      1,
      1,
      1,
      0,
      1,
      1,
      0,
      1,
      1,
      0,
      0,
      1,
      0,
      1,
      1,
      1,
      0,
      1,
      1,
      0,
      1,
      1,
      1,
      0,
      1,
      0
    ],
    [
      1,
      0,
      1,
      1,
      1,
      1,
      1,
      1,
      1,
      1,
      1,
      1,
      1,
      1,
      0,
      1,
      1,
      0,
      0,
      0,
      0,
      1,
      0,
      1,
      0,
      1,
      1,
      0,
      1,
      1,
      1,
      0,
      1,
      0
