{
  "num_communities": 26,
  "boundary_pipes": [
    "75698",
    "97790",
    "98069",
    "98234",
    "134297",
    "141393",
    "145946",
    "145974",
    "146311",
    "151110",
    "151300",
    "151878",
    "153576",
    "153898",
    "153961",
    "153977",
    "154023",
    "154177",
    "154182",
    "156042",
    "156048",
    "156065",
    "156494",
    "156727",
    "156761",
    "156788",
    "156949",
    "156988",
    "157093",
    "157532",
    "157801",
    "157842",
    "157978",
    "158000",
    "158079",
    "158088",
    "158096",
    "158740",
    "158797",
    "158888",
    "158890",
    "158918",
    "158948",
    "158956",
    "158967",
    "158985",
    "158988",
    "159026",
    "159035",
    "159037",
    "159040",
    "159049",
    "159098",
    "159102",
    "159105",
    "159128",
    "159146",
    "159153",
    "159185",
    "159187",
    "159195",
    "159199",
    "159215",
    "159225",
    "159236",
    "159281",
    "159285"
  ],
  "best_objectives": {
    "FEF": 3.384761667927705,
    "HRE": 0.472806017075862,
    "MRE": 0.04968240530728595,
    "NR": 0.4534697725170562,
    "open_pipes": 58
  },
  "best_config": [
    1,
    1,
    1,
    1,
    1,
    1,
    1,
    1,
    1,
    1,
    1,
    1,
    0,
    1,
    1,
    1,
    1,
    0,
    1,
    1,
    1,
    1,
    1,
    1,
    1,
    1,
    1,
    1,
    1,
    1,
    1,
    1,
    1,
    1,
    1,
    0,
    0,
    1,
    0,
    1,
    1,
    1,
    0,
    1,
    1,
    1,
    1,
    1,
    1,
    0,
    1,
    0,
    0,
    1,
    1,
    1,
    1,
    1,
    1,
    1,
    1,
    1,
    1,
    1,
    1,
    1,
    1
  ],
  "pareto_front": [
    [
      3.384761667927705,
      0.472806017075862,
      0.04968240530728595,
      0.4534697725170562,
      58.0
    ],
    [
      3.3703728332914626,
      0.5184438652049904,
      0.04979812259966833,
      0.36350006087049946,
      66.0
    ],
    [
      3.435082452141453,
      0.4510823488085122,
      0.049649876256528315,
      0.45630822354030987,
      60.0
    ],
    [
      3.5039440382367317,
      0.49709538145681553,
      0.04989842145365285,
      0.40140886410346777,
      64.0
    ],
    [
      3.4750864695945403,
      0.4653747436882509,
      0.049921934595290256,
      0.4635560561301529,
      61.0
    ],
    [
      3.4026368157973423,
      0.524066797141723,
      0.049735818485493064,
      0.35848770445316613,
      66.0
    ],
    [
      3.3482798528992754,
      0.49832993902732076,
      0.049792573963235984,
      0.3992770065977587,
      63.0
    ],
    [
      3.40814196064951,
      0.5057550780549178,
      0.049980475977458534,
      0.3894029501576387,
      63.0
    ],
    [
      3.3950841601360935,
      0.5235681968254388,
      0.04945007270591791,
      0.3592231975931678,
      64.0
    ],
    [
      3.493415251543262,
      0.49588469332595175,
      0.04987178416657616,
      0.40283748290589066,
      62.0
    ],
    [
      3.443082064338857,
      0.45224737841829,
      0.04967859950748528,
      0.4535943912304489,
      62.0
    ],
    [
      3.3881212180763804,
      0.48263439296540545,
      0.049851090637134686,
      0.4221047336040643,
      63.0
    ],
    [
      3.401159069162595,
      0.5240052033759971,
      0.04951506465771643,
      0.35855881566063874,
      65.0
    ],
    [
      3.4832579427664414,
      0.4659805806713772,
      0.049938198137276915,
      0.4616931349223139,
      62.0
    ],
    [
      3.384245936159282,
      0.4723766470560231,
      0.04973334932249719,
      0.4526793611158202,
      59.0
    ],
    [
      3.4065841282815237,
      0.5153388162138657,
      0.049579127548426305,
      0.37119363791136617,
      63.0
    ],
    [
      3.4148455836867493,
      0.514145168394789,
      0.04985356639132327,
      0.3722635624285894,
      64.0
    ],
    [
      3.367875045263177,
      0.5178990107055271,
      0.04971279875083796,
      0.3644673410459419,
      65.0
    ],
    [
      3.3812053666218205,
      0.47852369646296666,
      0.04961420527828518,
      0.43730160424977493,
      60.0
    ],
    [
      3.3974920409576943,
      0.47589924715736576,
      0.049600052364403006,
      0.4420421772013524,
      59.0
    ]
  ],