{
  "num_communities": 7,
  "boundary_pipes": [
    "74973",
    "157093",
    "157853",
    "159080",
    "159098",
    "159102",
    "159105",
    "159236"
  ],
  "best_objectives": {
    "FEF": 0.06154267970763788,
    "HRE": 0.5177024954664062,
    "MRE": 0.9577668915492957,
    "NR": 0.28248438351260513,
    "open_pipes": 6
  },
  "best_config": [
    1,
    1,
    0,
    1,
    0,
    1,
    1,
    1
  ],
  "pareto_front": [
    [
      0.06154267970763788,
      0.5177024954664062,
      0.9577668915492957,
      0.28248438351260513,
      6.0
    ]
  ],
  "pareto_solutions": [
    [
      1,
      1,
      0,
      1,
      0,
      1,
      1,
      1
    ]
  ]
}