{
  "num_communities": 14,
  "boundary_pipes": [
    "442",
    "444",
    "463",
    "487",
    "504",
    "528",
    "558",
    "562",
    "612",
    "614",
    "617",
    "654",
    "659",
    "668",
    "706",
    "707",
    "734",
    "735",
    "745",
    "756",
    "759",
    "767",
    "769",
    "799",
    "822",
    "831",
    "839",
    "840",
    "856",
    "857"
  ],
  "best_objectives": {
    "FEF": 3.588314724823117,
    "HRE": 0.5686145298487966,
    "MRE": 0.017550668296576914,
    "NR": 0.17608010459275278,
    "open_pipes": 18
  },
  "best_config": [
    1,
    0,
    1,
    1,
    0,
    1,
    0,
    1,
    0,
    1,
    1,
    1,
    1,
    1,
    1,
    0,
    0,
    1,
    1,
    1,
    0,
    0,
    1,
    0,
    0,
    1,
    0,
    1,
    0,
    1
  ],
  "pareto_front": [
    [
      3.4774243542653824,
      0.6046891978093933,
      0.017180796483498222,
      0.12950068390032263,
      25.0
    ],
    [
      3.417755807747289,
      0.606822605501471,
      0.017541432562408688,
      0.12840861425776304,
      25.0
    ],
    [
      3.588314724823117,
      0.5686145298487966,
      0.017550668296576914,
      0.17608010459275278,
      18.0
    ],
    [
      4.136168376406091,
      0.7537517500560669,
      0.017486638316663538,
      0.040012659838434966,
      26.0
    ],
    [
      3.562906988422933,
      0.6888957220797517,
      0.017651791229839585,
      0.0632204485207211,
      21.0
    ],
    [
      3.630658028084507,
      0.4961456581132286,
      0.017615939788585874,
      0.20284349083348785,
      20.0
    ],
    [
      3.87497418182594,
      0.7743375805571172,
      0.01749617024743566,
      0.025832421103785967,
      29.0
    ],
    [
      3.816708762428112,
      0.7763917594076047,
      0.017478929757403998,
      0.025731873932588415,
      29.0
    ],
    [
      3.6339930641234903,
      0.54343933881928,
      0.017574243779571373,
      0.18899751647176558,
      23.0
    ],
    [
      3.5383084631112878,
      0.6184698180139696,
      0.017596536853864107,
      0.08511962300873098,
      22.0
    ],
    [
      4.04785420281108,
      0.7646228430846551,
      0.01742413382877243,
      0.027854689977801647,
      28.0
    ],
    [
      3.565570553811507,
      0.5965663269547749,
      0.01732234396758422,
      0.13390034878600898,
      21.0
    ],
    [
      3.790810127884409,
      0.680479223319187,
      0.017522609634681323,
      0.10717508212168284,
      27.0
    ],
    [
      3.5863174368586375,
      0.6122942827254051,
      0.017487401850585445,
      0.1595952186471646,
      24.0
    ],
    [
      3.5874116410387225,
      0.4990148090773984,
      0.017556508333409507,
      0.20150300963693318,
      25.0
    ],
    [
      3.5937770579769905,
      0.568645336377887,
      0.017604722776990944,
      0.1761091264078566,
      19.0
    ],
    [
      3.7738912063956924,
      0.7054069310295078,
      0.017254221937134457,
      0.03905004693899222,
      19.0
    ],
    [
      3.4758128747544266,
      0.5745999155180322,
      0.017536021631680856,
      0.17296601277553345,
      21.0
    ],
    [
      3.4451471808355256,
      0.6937578543552223,
      0.01758866488666277,
      0.06138738224049988,
      24.0
    ],
    [
      3.7163991022273772,
      0.7387562333256492,
      0.01754186895954416,
      0.03494667954168245,
      26.0
    ],
    [
      3.6451849289071294,
      0.5951960922801848,
      0.01753366267763032,
      0.16646853059779163,
      23.0
    ],
    [
      3.591052997662452,
      0.6266758987880826,
      0.017555407584561696,
      0.12633838881276654,
      25.0
    ],
    [
      3.702635246047704,
      0.6619518997229329,
      0.01722156353137913,
      0.07184536939551275,
      28.0
    ],
    [
      4.029027078098565,
      0.747702221144135,
      0.017448705627944962,
      0.031707326894033105,
      27.0
    ],
    [
      3.999703281761838,
      0.7667232824408572,
      0.0173763294780257,
      0.027756311605372813,
      29.0
    ],
    [
      3.727482365152982,
      0.5464610293709651,
      0.0172717933004306,
      0.1873258851071001,
      24.0
    ],
    [
      3.701815011604792,
      0.6717215951430477,
      0.017581415587896755,
      0.1112189704226652,
      22.0
    ],
    [
      3.5769409402826504,
      0.7126408649311489,
      0.01757922937542507,
      0.03783406153897775,
      23.0
    ],
    [
      3.607356904032667,
      0.7224887559992584,
      0.01753550421087751,
      0.05853619163682846,
      24.0
    ],
    [
      3.9624187463962577,
      0.7233073667938359,
      0.017456684765805707,
      0.054738206592926816,
      26.0
    ],
    [
      3.6695320418787096,
      0.5468993499926371,
      0.01754170936131174,
      0.1871790518503656,
      26.0
    ],
    [
      3.7573347139908866,
      0.7042653213031485,
      0.01752104712506119,
      0.041011704412017465,
      22.0
    ],
    [
      3.5065818230055097,
      0.6230410591859946,
      0.017537568655305685,
      0.08321297259315766,
      27.0
    ],
    [
      3.5474375824686697,
      0.6886539674242389,
      0.017636166396778386,
      0.06337069784676466,
      20.0
    ],
    [
      3.6582628735838347,
      0.6643287475445793,
      0.01750553874735825,
      0.07190271269057324,
      29.0
    ],
    [
      3.7825091404709217,
      0.705412343395966,
      0.017531013705947833,
      0.03904600828655562,
      20.0
    ],
    [
      3.881426289940644,
      0.7489810052841814,
      0.017481759041588267,
      0.031623976257245986,
      28.0
    ],
    [
      3.5672951950333704,
      0.6888504809585879,
      0.017620306863126475,
      0.06309238546472544,
      22.0
    ],
    [
      3.60786115627086,
      0.49709281678198725,
      0.017351049132561976,
      0.20252606369839338,
      23.0
    ],
    [
      4.126730012917545,
      0.7640344948366451,
      0.017467447627435597,
      0.02797652932712553,
      29.0
    ]
  ],