{
  "num_communities": 5,
  "boundary_pipes": [
    "584",
    "595",
    "636",
    "654",
    "708",
    "788",
    "815"
  ],
  "best_objectives": {
    "FEF": 3.7417506892041836,
    "HRE": 0.7693839665308814,
    "MRE": 0.017552804194764387,
    "NR": 0.027664495103679368,
    "open_pipes": 4
  },
  "best_config": [
    0,
    1,
    0,
    1,
    1,
    0,
    1
  ],
  "pareto_front": [
    [
      3.8273106625719784,
      0.7763917565543496,
      0.017486638316663538,
      0.025731356439946115,
      7.0
    ],
    [
      3.8747750579018065,
      0.7727633403624572,
      0.017240290536473107,
      0.026204712844109943,
      5.0
    ],
    [
      3.8838758370928095,
      0.7025260513793966,
      0.017572907558493327,
      0.04459085283864675,
      4.0
    ],
    [
      3.8377149219758193,
      0.776356538996462,
      0.017486638316663538,
      0.025728161804699348,
      6.0
    ],
    [
      3.939765037249349,
      0.7003825552820867,
      0.017521091221125808,
      0.04485230312245536,
      4.0
    ],
    [
      3.869184683427076,
      0.7432363703925876,
      0.017511922379199775,
      0.0663065805444558,
      5.0
    ],
    [
      3.7160211266354173,
      0.770659834206343,
      0.017526677877668775,
      0.02744837058241924,
      5.0
    ],
    [
      3.9855854687658714,
      0.7006851810685744,
      0.017510254147823288,
      0.04480084367491283,
      4.0
    ],
    [
      3.9101377629980147,
      0.7105320654393216,
      0.017438254933213364,
      0.049848136015713945,
      5.0
    ],
    [
      3.898421500285287,
      0.7040648653255135,
      0.017444366081274983,
      0.044349024057845285,
      6.0
    ],
    [
      3.8220644659412963,
      0.7553324746334238,
      0.017561051222038278,
      0.03037330701219609,
      4.0
    ],
    [
      3.764776752379491,
      0.7619249703206776,
      0.017486638316663538,
      0.06499476737406346,
      5.0
    ],
    [
      3.8594894777821875,
      0.775140704739005,
      0.01751256742821386,
      0.025931686891699585,
      6.0
    ],
    [
      3.9205869915437246,
      0.7730060988069125,
      0.017523027803718363,
      0.02617265760612115,
      5.0
    ],
    [
      3.8442676141046896,
      0.7674452234700931,
      0.017530952743718145,
      0.027890596970759646,
      4.0
    ],
    [
      3.7948856741773516,
      0.7672371266689664,
      0.01754176656149855,
      0.027917239987261172,
      4.0
    ],
    [
      3.743631092762956,
      0.7587077627652519,
      0.017475735296972494,
      0.029889409813265756,
      5.0
    ],
    [
      3.7417506892041836,
      0.7693839665308814,
      0.017552804194764387,
      0.027664495103679368,
      4.0
    ],
    [
      3.752028564693873,
      0.7707947469071065,
      0.017494451634084144,
      0.02743059667160188,
      6.0
    ],
    [
      3.8202765860595633,
      0.774934771157101,
      0.017544832463648876,
      0.025960177450500794,
      5.0
    ]
  ],
  "pareto_solutions": [
    [
      1,
      1,
      1,
      1,
      1,
      1,
      1
    ],
    [
      1,
      0,
      0,
      1,
      1,
      1,
      1
    ],
    [
      0,
      1,
      0,
      1,
      0,
      1,
      1
    ],
    [
      1,
      1,
      0,
      1,
      1,
      1,
      1
    ],
    [
      1,
      0,
      0,
      1,
      0,
      1,
      1
    ],
    [
      1,
      0,
      1,
      1,
      1,
      1,
      0
    ],
    [
      1,
      1,
      0,
      1,
      1,
      0,
      1
    ],
    [
      1,
      0,
      1,
      0,
      0,
      1,
      1
    ],
    [
      1,
      1,
      1,
      0,
      0,
      1,
      1
    ],
    [
      1,
      1,
      1,
      1,
      0,
      1,
      1
    ],
    [
      1,
      0,
      0,
      1,
      1,
      1,
      0
    ],
    [
      0,
      1,
      1,
      1,
      0,
      1,
      1
    ],
    [
      0,
      1,
      1,
      1,
      1,
      1,
      1
    ],
    [
      1,
      0,
      1,
      0,
      1,
      1,
      1
    ],
    [
      1,
      0,
      1,
      0,
      1,
      0,
      1
    ],
    [
      1,
      0,
      0,
      1,
      1,
      0,
      1
    ],
    [
      1,
      1,
      0,
      1,
      1,
      1,
      0
    ],
    [
      0,
      1,
      0,
      1,
      1,
      0,
      1
    ],
    [
      1,
      1,
      1,
      1,
      1,
      0,
      1
    ],
    [
      0,
      1,
      0,
      1,
      1,
      1,
      1
    ]
  ]
}