{
  "num_communities": 8,
  "boundary_pipes": [
    "421",
    "444",
    "498",
    "501",
    "584",
    "595",
    "612",
    "614",
    "617",
    "654",
    "659",
    "708",
    "815"
  ],
  "best_objectives": {
    "FEF": 3.6440245223023093,
    "HRE": 0.5803595132370707,
    "MRE": 0.01762783739343369,
    "NR": 0.17320447359034688,
    "open_pipes": 7
  },
  "best_config": [
    1,
    0,
    0,
    1,
    0,
    1,
    1,
    1,
    0,
    1,
    0,
    1,
    0
  ],
  "pareto_front": [
    [
      3.6440245223023093,
      0.5803595132370707,
      0.01762783739343369,
      0.17320447359034688,
      7.0
    ],
    [
      3.716806121947126,
      0.5890725157741346,
      0.017168222361522986,
      0.08422124826824456,
      11.0
    ],
    [
      4.422325296378675,
      0.3653861784735955,
      0.017523252991553103,
      0.2769318503236895,
      9.0
    ],
    [
      3.650185829177634,
      0.6214486533241402,
      0.01762961667404629,
      0.12667684490443978,
      8.0
    ],
    [
      3.8273106625719784,
      0.7763917565543496,
      0.017486638316663538,
      0.025731356439946115,
      13.0
    ],
    [
      3.573138421611363,
      0.6241930785320385,
      0.017610838519681486,
      0.1251763485205084,
      8.0
    ],
    [
      4.4005668711090715,
      0.35096293788689625,
      0.0175494845408644,
      0.28985372169161505,
      8.0
    ],
    [
      4.083515763773516,
      0.5287552668252805,
      0.01741226759926777,
      0.20013864004886806,
      10.0
    ],
    [
      4.104255372272379,
      0.7341926627196332,
      0.01738237978781068,
      0.03706952257214437,
      12.0
    ],
    [
      4.1374705613072384,
      0.4203306546482746,
      0.017569792069878996,
      0.2597367959582085,
      7.0
    ],
    [
      3.898421500285287,
      0.7040648653255135,
      0.017444366081274983,
      0.044349024057845285,
      12.0
    ],
    [
      3.630499611514783,
      0.5807814752442854,
      0.01760658253465675,
      0.17294844497710285,
      8.0
    ],
    [
      4.273662303525629,
      0.45303852310903553,
      0.01750655150438757,
      0.22669123691741222,
      10.0
    ],
    [
      4.13801120122726,
      0.7164754879964917,
      0.017486751010942127,
      0.060914176794932294,
      11.0
    ],
    [
      4.014891852434057,
      0.5566596457087299,
      0.017455407299895667,
      0.192027244176497,
      11.0
    ],
    [
      3.7276939438389527,
      0.6170557230263536,
      0.017579134731253845,
      0.12887194315786635,
      9.0
    ],
    [
      4.176400973418456,
      0.47001810176209513,
      0.017516904442259746,
      0.23188170534780164,
      10.0
    ],
    [
      3.6582628735838347,
      0.6643287475445793,
      0.01750553874735825,
      0.07190271269057324,
      12.0
    ],
    [
      3.6065131833632216,
      0.6386872214101348,
      0.017269308896212,
      0.11774283871986414,
      10.0
    ],
    [
      3.675261794374157,
      0.6359470609291636,
      0.017570414703049483,
      0.11919284597696436,
      9.0
    ]
  ],
  "pareto_solutions": [
    [
      1,
      0,
      0,
      1,
      0,
      1,
      1,
      1,
      0,
      1,
      0,
      1,
      0
    ],
    [
      1,
      1,
      1,
      1,
      1,
      1,
      1,
      1,
      0,
      1,
      1,
      0,
      1
    ],
    [
      0,
      0,
      1,
      1,
      1,
      1,
      1,
      1,
      0,
      1,
      1,
      0,
      1
    ],
    [
      1,
      0,
      0,
      1,
      0,
      1,
      1,
      1,
      0,
      1,
      1,
      1,
      0
    ],
    [
      1,
      1,
      1,
      1,
      1,
      1,
      1,
      1,
      1,
      1,
      1,
      1,
      1
    ],
    [
      1,
      1,
      0,
      1,
      0,
      1,
      1,
      1,
      0,
      1,
      0,
      1,
      0
    ],
    [
      0,
      0,
      1,
      1,
      0,
      1,
      1,
      1,
      0,
      1,
      1,
      0,
      1
    ],
    [
      0,
      1,
      1,
      1,
      1,
      1,
      1,
      1,
      0,
      1,
      1,
      1,
      0
    ],
    [
      0,
      1,
      1,
      1,
      1,
      1,
      1,
      1,
      1,
      1,
      1,
      1,
      1
    ],
    [
      0,
      0,
      0,
      1,
      0,
      1,
      1,
      1,
      0,
      1,
      1,
      1,
      0
    ],
    [
      1,
      1,
      1,
      1,
      1,
      1,
      1,
      1,
      1,
      1,
      1,
      0,
      1
    ],
    [
      1,
      0,
      1,
      1,
      0,
      1,
      1,
      1,
      0,
      1,
      0,
      1,
      0
    ],
    [
      0,
      1,
      1,
      1,
      1,
      1,
      1,
      1,
      0,
      1,
      1,
      0,
      1
    ],
    [
      0,
      1,
      1,
      1,
      1,
      1,
      1,
      1,
      1,
      1,
      1,
      1,
      0
    ],
    [
      0,
      1,
      1,
      1,
      1,
      1,
      1,
      1,
      0,
      1,
      1,
      1,
      1
    ],
    [
      1,
      0,
      1,
      1,
      0,
      1,
      1,
      1,
      0,
      1,
      0,
      1,
      1
    ],
    [
      0,
      0,
      1,
      1,
      1,
      1,
      1,
      1,
      0,
      1,
      1,
      1,
      1
    ],
    [
      1,
      1,
      1,
      1,
      1,
      1,
      1,
      1,
      0,
      1,
      1,
      1,
      1
    ],
    [
      1,
      1,
      1,
      1,
      1,
      1,
      1,
      1,
      0,
      1,
      0,
      1,
      0
    ],
    [
      1,
      0,
      0,
      1,
      1,
      1,
      1,
      1,
      0,
      1,
      1,
      1,
      0
    ]
  ]
}