{
  "num_communities": 12,
  "boundary_pipes": [
    "222",
    "218",
    "199",
    "197",
    "193",
    "182",
    "177",
    "176",
    "169",
    "165",
    "162",
    "1571",
    "155",
    "1511",
    "147",
    "124"
  ],
  "best_objectives": {
    "FEF": 2.2987028915266787,
    "HRE": 0.9451112738380993,
    "MRE": 0.01676922099800774,
    "NR": 0.42529412029794733,
    "open_pipes": 11
  },
  "best_config": [
    0,
    1,
    1,
    1,
    0,
    1,
    1,
    1,
    0,
    1,
    0,
    0,
    1,
    1,
    1,
    1
  ],
  "pareto_front": [
    [
      2.7651076482986974,
      0.9532841766357952,
      0.01655353491212653,
      0.48726833174112266,
      11.0
    ],
    [
      2.2987028915266787,
      0.9451112738380993,
      0.01676922099800774,
      0.42529412029794733,
      11.0
    ],
    [
      2.4012448107924254,
      0.968914220616352,
      0.0168315576145032,
      0.32897667564259614,
      13.0
    ],
    [
      2.1420534858819464,
      0.9614830372124531,
      0.01677082416925453,
      0.23340497489355816,
      13.0
    ],
    [
      2.595685623879364,
      0.9832113961779465,
      0.016594063018856544,
      0.1852382235538384,
      16.0
    ],
    [
      2.6120874705416246,
      0.9803384336695163,
      0.016234527520120126,
      0.20255719749432283,
      13.0
    ],
    [
      3.127139551599195,
      0.9873738830922595,
      0.01668639963454334,
      0.34240437836284005,
      13.0
    ],
    [
      2.3590496262393823,
      0.9531170565894308,
      0.01646020746496662,
      0.3797953305176698,
      12.0
    ],
    [
      2.832622365242601,
      0.9688771715053918,
      0.01666174014816961,
      0.306980075722856,
      15.0
    ],
    [
      2.892552596975747,
      0.9844038634262878,
      0.0166776163905602,
      0.253505973059655,
      14.0
    ],
    [
      2.524629924294097,
      0.9712193306177843,
      0.016716814329476373,
      0.4534791925662448,
      12.0
    ],
    [
      3.050265557226432,
      0.9697462701276253,
      0.016670317896432963,
      0.3708233476705965,
      14.0
    ],
    [
      2.3036631925867543,
      0.9477609399315945,
      0.0167025646211734,
      0.42364960429418,
      12.0
    ],
    [
      2.9850316227559452,
      0.9622453347885525,
      0.016642465914403076,
      0.3981573464026284,
      14.0
    ],
    [
      2.235175416217362,
      0.9595594449542475,
      0.01636324576094614,
      0.241402356010935,
      13.0
    ],
    [
      2.5600500808201003,
      0.9788454295098701,
      0.016512804685884456,
      0.2090379203868187,
      12.0
    ],
    [
      2.4866978593698206,
      0.981638955503668,
      0.016401276062344247,
      0.2016933398123061,
      13.0
    ],
    [
      2.2538670398299088,
      0.9623019111326033,
      0.016717467523857433,
      0.23563590431417009,
      13.0
    ],
    [
      2.6010016643923928,
      0.982914749442681,
      0.01657459008378769,
      0.18699602717366418,
      15.0
    ],
    [
      2.230215027590136,
      0.9566631610499295,
      0.016726662923580233,
      0.24302780096868382,
      12.0
    ]
  ],
  "pareto_solutions": [
    [
      0,
      1,
      0,
      1,
      0,
      1,
      1,
      1,
      0,
      0,
      1,
      1,
      1,
      1,
      1,
      1
    ],
    [
      0,
      1,
      1,
      1,
      0,
      1,
      1,
      1,
      0,
      1,
      0,
      0,
      1,
      1,
      1,
      1
    ],
    [
      1,
      1,
      1,
      1,
      1,
      1,
      1,
      1,
      1,
      1,
      0,
      0,
      1,
      1,
      1,
      0
    ],
    [
      1,
      1,
      1,
      1,
      1,
      1,
      1,
      1,
      0,
      1,
      0,
      0,
      1,
      1,
      1,
      1
    ],
    [
      1,
      1,
      1,
      1,
      1,
      1,
      1,
      1,
      1,
      1,
      1,
      1,
      1,
      1,
      1,
      1
    ],
    [
      1,
      1,
      1,
      1,
      0,
      1,
      1,
      1,
      0,
      0,
      1,
      1,
      1,
      1,
      1,
      1
    ],
    [
      1,
      1,
      0,
      1,
      1,
      1,
      1,
      1,
      0,
      1,
      1,
      1,
      1,
      1,
      0,
      1
    ],
    [
      0,
      1,
      1,
      1,
      0,
      1,
      1,
      1,
      1,
      1,
      0,
      0,
      1,
      1,
      1,
      1
    ],
    [
      1,
      1,
      1,
      1,
      1,
      1,
      1,
      1,
      1,
      1,
      1,
      1,
      1,
      1,
      1,
      0
    ],
    [
      1,
      1,
      0,
      1,
      1,
      1,
      1,
      1,
      1,
      1,
      1,
      1,
      1,
      1,
      0,
      1
    ],
    [
      1,
      1,
      0,
      1,
      1,
      1,
      1,
      1,
      0,
      1,
      0,
      1,
      1,
      1,
      1,
      0
    ],
    [
      1,
      1,
      1,
      1,
      1,
      1,
      1,
      1,
      0,
      1,
      1,
      1,
      1,
      1,
      1,
      0
    ],
    [
      0,
      1,
      1,
      1,
      0,
      1,
      1,
      1,
      0,
      1,
      1,
      0,
      1,
      1,
      1,
      1
    ],
    [
      0,
      1,
      1,
      1,
      1,
      1,
      1,
      1,
      0,
      1,
      1,
      1,
      1,
      1,
      1,
      1
    ],
    [
      1,
      1,
      1,
      1,
      0,
      1,
      1,
      1,
      0,
      1,
      1,
      0,
      1,
      1,
      1,
      1
    ],
    [
      1,
      1,
      0,
      1,
      0,
      1,
      1,
      1,
      0,
      0,
      1,
      1,
      1,
      1,
      1,
      1
    ],
    [
      1,
      1,
      0,
      1,
      1,
      1,
      1,
      1,
      0,
      0,
      1,
      1,
      1,
      1,
      1,
      1
    ],
    [
      1,
      1,
      1,
      1,
      0,
      1,
      1,
      1,
      1,
      1,
      0,
      0,
      1,
      1,
      1,
      1
    ],
    [
      1,
      1,
      0,
      1,
      1,
      1,
      1,
      1,
      1,
      1,
      1,
      1,
      1,
      1,
      1,
      1
    ],
    [
      1,
      1,
      1,
      1,
      0,
      1,
      1,
      1,
      0,
      1,
      0,
      0,
      1,
      1,
      1,
      1
    ]
  ]
}